,daily_return,total assets
0,0.0,100000.0
1,-0.05258256241230119,94741.74375876988
2,-0.033006785941768146,91614.62330277431
3,0.6609801490808094,152170.07067142427
4,0.02431543883094544,155870.15271673593
5,-0.024721862674415757,152016.75220623257
6,-0.032767806941702136,147035.49661803417
7,-0.6049900077729476,58080.49037619046
8,-0.0029635545291185894,57908.36567588267
9,-0.007218444444300441,57490.357355391076
10,0.005425509848047276,57802.27185539051
11,-0.03432674860709399,55818.10780049161
12,-0.02980737174467645,54154.316711197935
13,0.12080541194171839,60696.451249916485
14,0.05033222478076358,63751.43867762194
15,0.0075523264809543795,64232.91035614588
16,-0.32607193702712595,43288.36085542766
17,-0.017915153480211318,42512.8432267959
18,0.12515220673958502,47833.419371403426
19,0.011522198246826012,48384.565512224304
20,-0.017328245572341326,47546.145879117445
21,0.03832138510818861,49368.18004576122
22,-0.03851976277750212,47466.52946164148
23,-0.0701093139650941,44138.68364478187
24,0.052625058578001406,46461.48445714439
25,-0.004021661134072588,46274.632110871775
26,-0.0010181030608773052,46227.519766278725
27,-0.0011501563933489457,46174.350888870875
28,0.05462411795363027,48696.58407825687
29,-0.015506611468200666,47941.465069126774
30,-0.015637967022110684,47191.7580193841
31,0.6149233783177619,76211.0732894181
32,0.018225143769912876,77600.03105697711
33,-0.012275522930618905,76647.45009632045
34,0.019250566432000626,78122.95692624312
35,0.019935114716416003,79680.3470345534
36,-0.014205160890291254,78548.47488513333
37,0.03211679584384611,81071.20021686463
38,-0.031469208058544536,78519.9537496842
39,0.04978472100822327,82429.04774069082
40,-0.016739759466884063,81049.20530842735
41,-0.010743538744130244,80178.4500310153
42,0.3037613936009317,104533.56774919917
43,-0.04408531794915896,99925.17217861577
44,0.03924792623702676,103847.02796550428
45,-0.13144265848096767,90197.098534371
46,-0.004186266197812561,89819.5094696358
47,0.04213646481549119,93604.18607014779
48,0.004418580190538697,94017.78367246884
49,-0.008825124445024523,93188.0650315139
50,0.00450578873086334,93607.95076478386
51,-0.04414354910500552,89475.76359357969
52,-0.5338865876832339,41705.8534882517
53,0.02156560556942931,42605.26547451574
54,-0.05766801393182322,40148.30443156234
55,0.4457153476226163,58043.019897734775
56,0.034350118111878956,60036.804486792105
57,0.013591723715440207,60852.808146134485
58,0.0013586658176371993,60935.48677646987
59,0.02091581042426554,62210.001865996855
60,-0.06947014393305882,57888.264082290196
61,0.012008386739477727,58583.408745067354
62,-0.008662209166007143,58075.94700485989
63,-0.04899516612133367,55230.50633370301
64,-0.05450589412348022,52220.11820309199
65,0.04044169126654659,54331.988101364004
66,0.04542528117458165,56800.03393764249
67,-0.00365753255885006,56592.28596417177
68,-0.05963306564025331,53217.51446053833
69,8.987894364727598,531530.9127852203
70,0.01847319755777596,541349.9883451667
71,0.004873974544030935,543988.5144077725
72,0.016013630441250818,552699.7454417836
73,0.004734166394900868,555316.3180031243
74,-0.015705355670034702,546594.8777195112
75,0.06113496616539167,580010.9370750699
76,0.011129202101944959,586465.9960151168
77,0.002612002926137942,587997.8469127887
78,0.001260385484776817,588738.9508641176
79,0.004674034902208171,591490.7372687459
80,-0.01612689999840647,581951.8252988291
81,0.006848767903998183,585937.4782816089
82,-0.005228548781679025,582873.8755933995
83,-0.0018860521758900007,581774.5450520671
84,-0.018270193169675212,571145.411732766
85,-0.013184760450509767,563614.9962966617
86,0.008306179900848656,568296.4838507179
87,0.008051023650453364,572871.8522826695
88,0.010673058828105923,578986.1472630484
89,0.014396722652099568,587321.6502446022
90,-0.019050960687423676,576132.6085749195
91,0.0009231368230991871,576664.4578008832
92,0.010967303453789774,582988.9119006007
93,-0.0038343012564135016,580753.556783225
94,0.01409250638063003,588937.8299877662
95,-0.01178159347494057,581999.2038928367
96,0.014388140683419181,590373.0903160848
97,0.006260725196034343,594069.2539976874
98,-0.033136696303061985,574383.7615449794
99,0.0005357879716586379,574691.5094555313
100,0.0323595788391403,593288.2846639421
101,-0.004979200983281931,590334.1830535737
102,0.005340253001220397,593486.7169463485
103,-0.0344647146136043,573032.3666198277
104,-0.019035369320154434,562124.4838888171
105,0.01360035612518698,569769.577056392
106,-0.011661678198681106,563125.1076013617
107,-0.018862851403839136,552502.9623749063
108,0.02548528703852016,566583.6589606635
109,0.005754350178014101,569843.9797394637
110,0.006733801097669963,573681.1957557339
111,0.0587427272395058,607380.7937604465
112,8.5507475413541e-06,607385.9873202754
113,-0.00540354937524408,604103.9471479589
114,0.01673793054822767,614215.3970592316
115,-0.012266107336946953,606681.3650708976
116,0.001084465968491068,607339.2903650347
117,-0.0033463156409667197,605306.9413983126
118,-0.014789496177697252,596354.7567021686
119,-0.011812126141568678,589310.5390908781
120,-0.004920541677895229,586410.8120220585
121,0.04653538857327413,613699.6670230742
122,0.0030379512545688036,615564.0566964354
123,0.00822721801707574,620628.4363943526
124,-0.003888171624889751,618215.3265183644
125,-0.013152817389026907,610084.0532215707
126,-0.023053815055828437,596019.2882900904
127,-0.017189382118833665,585774.0849934767
128,0.020754387889193513,597931.4675688688
129,0.20095391387206835,718088.1362041027
130,-0.003538690204099972,715547.0447508368
131,0.03643553643839966,741618.3851732451
132,0.007168728353082527,746934.8459182038
133,0.001326342090661327,747925.5370433268
134,0.006260361131983317,752607.8210050506
135,0.006282116092074675,757335.7907084076
136,-0.018419544802755823,743386.0101807236
137,0.009184348013220222,750213.5260063827
138,0.00014023871350176737,750318.7349861214
139,-0.02292205800897668,733119.8854175475
140,0.0394449903765876,762037.7922427277
141,0.018296611269987786,775980.5015004326
142,-0.002137668854594241,774321.7121506027
143,-0.0011497021680838626,773431.4727993488
144,0.0018693027238881586,774877.2503581934
145,0.019159826601400688,789723.7641124266
146,-0.0025411360069093687,787716.9686199285
147,0.0004017488066297312,788033.4329720335
148,-0.01060968649776549,779672.6452984423
149,-0.006814229715490405,774359.7767904947
150,-0.0021125919366285694,772723.8705699976
151,-0.017802379591121305,758967.54690699
152,0.005482627506918878,763128.683256521
153,-0.0018262495376384726,761735.0198515651
154,-0.0030740540733819547,759393.4052109527
155,-0.010590324247849644,751351.1828180901
156,-0.010694526953297362,743315.8373420502
157,0.008716288470194946,749794.792604788
158,0.0008067504491956797,750399.6898905265
159,-0.014467143032998418,739543.5502449626
160,-0.004693217061277919,736072.7118373949
161,-0.012727407763230886,726704.4142904532
162,-0.018404502068248264,713329.7813946394
163,-0.012894744565791124,704131.5760723839
164,0.009232616506832646,710632.5528846119
165,0.01106369891524587,718494.7774890998
166,0.0022444724754953392,720107.4192409612
167,-0.017454915673007918,707538.0049626029
168,-0.02837170465227938,687463.9456555409
169,0.022462001898814574,702905.7621082222
170,-0.01733459328306863,690721.1766057508
171,0.02472054260507886,707796.1788802635
172,0.005946061798434293,712004.7787005812
173,0.007779123086196868,717543.5515120534
174,0.007917848121943762,723224.9523738059
175,0.020630155624540285,738145.1956928283
176,-0.01968599985102496,723614.0694803845
177,-0.07606587835895763,668571.7296924592
178,-0.011069710260820707,661170.834356188
179,-0.025831288125439535,644091.940033796
180,-0.01049395758180172,637332.866536301
181,0.019099639176589068,649505.6943225255
182,-0.04331445247622351,621372.7107927559
183,0.04182463198527834,647361.3957473577
184,-0.02229795894629004,632926.5579215701
185,0.15794532119824944,732894.346407395
186,-0.020217444806008456,718077.0954102678
187,0.12809695931347506,810060.5878849752
188,-0.01942316470510184,794326.6476653737
189,-0.3121740836206566,546358.4543349675
190,-0.008063754654067315,541952.7538060349
191,-0.033443134647332104,523828.15488800727
192,-0.00659487251697029,520373.5749857211
193,-0.08037912203741249,478546.4038968992
194,-0.19126302450124477,387018.171323384
195,0.016552187074714373,393424.1684964425
196,0.010601864952753729,397595.1983999912
197,-0.03606555240788588,383255.70793497254
198,-0.032372565569966566,370848.7373997837
199,10.838039595015326,4390122.03710008
200,-0.01783082195298644,4311842.552704667
201,-0.021554577208656393,4218902.609490824
202,-0.0064316775350551966,4191767.988354776
203,0.16956493557022673,4902544.857225493
204,-0.006810069502351663,4869158.18600939
205,0.05030985862391551,5114124.845965004
206,0.008023672296194117,5155158.907810851
207,-0.0019115913562667423,5145304.350602498
208,-0.08823243490143438,4691321.619439896
209,0.0012723245554837758,4697290.5031339815
210,0.13486339989383786,5330783.070675666
211,0.0087637332826516,5377500.6316947425
212,-0.010933182228673751,5318707.437353616
213,-0.060080320570459055,4999157.789496926
214,0.0034495464582379384,5016402.616543857
215,-0.07876620895700656,4621279.599836689
216,-0.009287445875025693,4578359.715679846
217,0.05953160121640245,4850916.80049894
218,0.0516220549219493,5101331.093996103
219,-0.031167067604464114,4942337.5629167715
220,-0.18500797521111312,4027965.697591712
221,0.003988546340616117,4044031.425434969
222,0.012239031556058768,4093526.453664561
223,0.0030712893485138125,4106098.8578595603
224,-0.009240384527273729,4068156.9255059385
225,0.002533459323207673,4078463.4355971334
226,0.002698534702725216,4089469.310711888
227,0.009415430530718803,4127973.4249144024
228,-0.014572249197374555,4067819.56748641
229,-0.011415532073375909,4021383.242745063
230,0.002279124246097557,4030548.4747964535
231,-0.0042296227986991465,4013500.7750761923
232,-0.041398921657795816,3847346.1709153103
233,0.000767144775766123,3850297.6424308917
234,0.0400255750963984,4004408.019861495
235,0.02390717271658524,4100142.094020003
236,0.04524219248048707,4285641.511835003
237,-0.004172627104639194,4267759.127901954
238,0.0391994024618345,4435052.73556675
239,-0.008822898023015197,4395922.71755415
240,0.00890874488796851,4435084.871592065
241,0.0018472116496488357,4443277.4120340515
242,-0.003100029686158719,4429503.120152907
243,-0.016341201676658625,4357119.7163391
244,0.011483548484921394,4407154.911856287
245,-0.004212938800089379,4388587.837930123
246,0.010176623260376199,4433248.843001807
247,0.005990933091992889,4459808.140200386
248,-0.010521825375239633,4412882.817742125
249,0.005835974095192949,4438636.28755159
250,0.008838840867262464,4477868.687364915
251,-0.030247916884662034,4342422.487489071
252,0.0023064451275874873,4352438.046677266
253,-0.01182043977018763,4300990.3148930445
254,0.02073912024413051,4390189.070202452
255,-0.006927650693346507,4359775.373846342
256,-0.008346722961927133,4323385.536624614
257,0.0063931033611409425,4351025.387230317
258,0.007099520984434252,4381915.583270765
259,0.01482603811349886,4446882.030718472
260,-0.011029716932810532,4397834.180686045
261,-0.01862867348464728,4315908.363694424
262,-0.0258627235353105,4204287.218880461
263,-0.025924665093317215,4095292.4807748706
264,-0.00663671600764535,4068113.1876117224
265,-0.0008939817348648005,4064476.368726635
266,0.018563271888972308,4139926.3486456103
267,-0.01089492607959516,4094822.157102148
268,-0.04936834509046131,3892667.563766262
269,0.17941452599606328,4591068.669579636
270,-0.013723066716717984,4528065.127925961
271,0.09414821120660244,4954374.359947186
272,0.0014867592917824127,4961740.322061806
273,0.009435712945691465,5008557.879451844
274,-0.013867445258305008,4939101.977235493
275,0.05690502411128635,5220161.694338181
276,-0.004715407068394061,5195546.506986539
277,0.006129366156300688,5227391.913909948
278,0.0002717581795586866,5228812.500420312
279,-0.022401624826933943,5111678.604495514
280,-0.012967651580211344,5045392.137362395
281,0.09496836140380908,5524544.761287364
282,-0.011165129630653872,5462862.502877241
283,-0.09590007244842015,4938973.593075556
284,-0.02065867026059043,4836940.966190444
285,0.04178511772385366,5039053.1138860425
286,0.027523868004315555,5177747.346659377
287,-0.010011647251892988,5125909.566665199
288,-0.014446374800982638,5051858.755869211
289,0.07238393585913962,5417532.1760234805
290,-0.005929450111870585,5385409.189256296
291,0.012337936440733615,5451854.0255406825
292,0.01927512205803321,5556939.177325559
293,0.0005658294414757416,5560083.45711658
294,-0.019968179125051423,5449058.714694641
295,0.1321412542739612,6169104.167866849
296,-0.06347875298894293,5777497.128231771
297,0.09432463634659198,6322457.443845713
298,0.40866085507779404,8906198.309040666
299,0.013242032905950999,9024134.480115907
300,-0.008511663494481094,8947324.084092217
301,-0.007097750679908207,8883818.208490992
302,-0.0239095802049073,8671409.84450926
303,-0.07273237503863661,8040717.611584688
304,-0.37402215885273077,5033311.05177461
305,0.005636946045114526,5061683.554601742
306,-0.015958392704340383,4980907.220692306
307,0.06328511328991886,5296124.498440393
308,0.002061446710153295,5307042.176864265
309,-0.0212029805306554,5194517.064912845
310,0.013985305188960163,5267163.971374913
311,-0.011517355597328704,5206500.17092715
312,-0.001130032159322839,5200616.658296483
313,0.016355753232609713,5285676.661016979
314,-0.00803012420494432,5243232.020921838
315,-0.0199528854478661,5138614.413031801
316,-0.01808531923020238,5045680.9309712015
317,0.0017900510694119167,5054712.957517598
318,0.059014219132700586,5353012.895645442
319,0.004955538273619909,5379539.955928994
320,-0.010574805008444401,5322652.36985991
321,0.027843754989688073,5470854.998341572
322,-0.010121395036562989,5415482.313715601
323,-0.0008277386376961,5410999.709762779
324,-0.0031106570804708997,5394167.9452031795
325,0.019038355499682413,5496864.032168949
326,-0.02527178820755163,5357948.448542267
327,0.025916985729691255,5496810.322023558
328,-0.008545371180399716,5449838.037513615
329,-0.0014478239557580434,5441947.631447901
330,-0.014295453597162036,5364152.521604352
331,-0.027039779842255147,5219107.018379892
332,-0.00329587283606529,5201905.505329496
333,-0.10761824954344565,4642085.540555523
334,0.03783797081564666,4817732.637762798
335,-0.031183456590213866,4667499.081189865
336,0.00768829771028925,4703384.2036885545
337,0.033602661529181024,4861430.431126798
338,-0.01694993418868366,4779029.505256334
339,0.022001303721049015,4884174.384893334
340,0.04458097838912109,5101915.657594962
341,0.027173765264093278,5240553.91607165
342,-0.07207811103754373,4862824.689010803
343,-0.6190837928689497,1852328.7364812244
344,0.015872108462082955,1881729.0990940875
345,0.0010434643678532032,1883692.6163589447
346,0.0022907300960188864,1888007.6477268867
347,-0.005273316105507851,1878051.5865908065
348,-0.10273074554321351,1685117.946931718
349,0.0016979586981793193,1687979.2076071687
350,0.02264320234547371,1726200.4623599702
351,0.0298012885004331,1777643.4603483407
352,0.0027194786462025207,1782477.7237793196
353,0.0063480397949910485,1793792.9633035557
354,0.009699392318598916,1811191.664992979
355,0.002281176586942029,1815323.3130136256
356,0.005731760414285386,1825728.3113182865
357,-0.01671966638709034,1795202.743039579
358,-0.0042435647890975625,1787584.6838899248
359,0.028383044906061215,1838321.7802461598
360,0.02651706302388966,1887068.6747511362
361,0.00283148941159883,1892411.889722654
362,0.004905663566954601,1901695.425783738
363,-0.015314912635473488,1872571.1264785805
364,-0.00830171343050975,1857025.5776083085
365,-0.0223671524075045,1815489.2034893094
366,-0.20665129885968986,1440316.0015224998
367,0.050408126982582575,1512919.6334222916
368,-0.002611805005438837,1508968.1823508926
369,0.012968258776693579,1528536.872225416
370,0.0068331183951580955,1538981.5456446968
371,0.012390801693170661,1558050.7607862295
372,-0.05085400416647157,1478817.6409056324
373,-0.024535694259943577,1442533.8234021608
374,-0.002345004915045532,1439151.0744961633
375,0.04367153380590988,1502001.009297834
376,-0.03685261744450708,1446648.3407009174
377,-0.02191342701058504,1414947.317876984
378,0.003375524318663018,1419723.5069581047
379,0.02047683107676643,1448794.9453858002
380,-0.03062657361517616,1404423.3203376469
381,0.048203207382075494,1472121.0289001055
382,-0.015125493818607777,1449854.4713772344
383,-0.00422961677779484,1443722.1425797364
384,-0.03282721468955515,1396328.7658532069
385,-0.026908632811951605,1358755.4678080974
386,0.011581972723650245,1374492.5365743614
387,0.40670285575931686,1933502.5764190215
388,0.00803590802286841,1949040.0252851038
389,0.0068091964626225574,1962311.421730785
390,0.0023543460586816054,1966931.3818924427
391,0.005514998261999679,1977779.0050450522
392,-0.008019906694456333,1961917.4019623362
393,-0.021112413717072596,1920496.590093383
394,-0.0007971610710422197,1918965.6449746913
395,0.05633583928827653,2027072.1851497095
396,-0.005408375539522903,2016109.0175266985
397,-0.032414504829799476,1950757.842040677
398,-0.023499076734867383,1904916.833819419
399,0.03592998904383611,1973360.4747879696
400,0.00908435116251522,1991287.1743111713
401,-0.011167922776428495,1969048.6329227716
402,-0.01446225332936307,1940571.7527756065
403,-0.006284231703114085,1928376.7502446463
404,-0.03178700284198505,1867079.4330042019
405,0.09362345645699881,2041881.8630018288
406,-0.016867655243692756,2007440.1036883648
407,0.017147367588602132,2041862.4170584108
408,-0.0004071250794850532,2041031.1236595684
409,-0.002988244702230001,2034932.0232172061
410,-0.043340093150810485,1946737.8797754052
411,0.07979510394283316,2102078.0312415343
412,-0.15911300263711128,1767610.0839131863
413,-0.039373388084060434,1698013.2860979738
414,0.04722554908180593,1778202.8958821523
415,0.056484332191394974,1878643.4989568603
416,0.11248726104701148,2089966.9606382917
417,-0.01437208302966121,2059929.7819507495
418,-0.01908531009797957,2020615.383282156
419,0.04044241850752463,2102333.956255595
420,-0.07933229726971777,1935550.9738777045
421,1.1849552010693427,4229092.167308922
422,-0.11672722980189662,3735441.9540420524
423,-0.02577043413729734,3639177.9931917144
424,0.01728166304406338,3702069.0410274244
425,0.0073159318356394165,3729153.125782412
426,0.009427154906132594,3764308.4299678514
427,-0.0061134546444440085,3741295.5011135447
428,-0.009250646967992833,3706686.0972298034
429,0.013669305273450926,3757353.921045694
430,9.090153477130782e-05,3757695.470283796
431,-0.06987354343355716,3495131.9726308403
432,-0.24515681428437278,2638276.552717208
433,-0.09178420838093414,2396124.427836079
434,-0.015791134493601255,2358286.9047327163
435,-0.013959149880941869,2325367.22436729
436,0.34255269084185924,3121928.0242697704
437,-0.03456809252276506,3014008.9274774
438,-0.01863487128661522,2957843.2590571493
439,-0.005857762362810074,2940516.916139153
440,-0.4414185369058988,1642518.2412699626
441,0.03490671190670976,1699853.1523194888
442,0.010381904379957074,1717500.8652068384
443,0.06157191523879654,1823250.6829019135
444,0.07489604213852068,1959804.9428776219
445,-0.0030023998910358807,1953920.8247306745
446,-0.017712377718747167,1919312.2410505188
447,0.08237077957254657,2077407.4865889815
448,-0.04375269460658674,1986515.3112548168
449,-0.006307905975596275,1973984.559452339
450,0.07133080466587136,2114790.46647608
451,-0.01581358832221531,2081348.0406514816
452,-0.015620071505794168,2048837.2354280609
453,-0.05245167189914297,1941372.296980641
454,-0.06142702544582001,1822119.5714942012
455,0.8238730320986354,3323314.747707395
456,-0.05221342488976116,3149793.1027429393
457,-0.011123382420000417,3114756.74951725
458,-0.029817058366646394,3021883.8657189882
459,0.024647803597189943,3096366.665734747
460,-0.017343972427175582,3042663.367659818
461,-0.5188720591805022,1463910.3606890868
462,0.010411797503650174,1479152.298928077
463,-0.16302282577514896,1238016.7114050142
464,0.0037463614027096305,1242654.7694285314
465,-0.021122050276743454,1216407.352912027
466,0.06881790754199062,1300117.9616581243
467,0.34778873161258905,1752284.338489948
468,-6.602245668545402e-05,1752168.6483731095
469,0.04474984345336374,1830577.921091698
470,0.04723707656176597,1917049.070502585
471,-0.014290304570689537,1889653.8554081458
472,0.0003932735468760306,1890397.0062822301
473,-0.00910054512037652,1873193.363031134
474,0.020713854114865912,1911994.417081896
475,-0.15021426466204685,1624785.581682
476,0.0017924107019065098,1627697.8647469103
477,-0.040194481243452276,1562273.3934523333
478,0.028280775912940835,1606455.6972073084
479,-0.055357688522678965,1517526.0230958231
480,-0.13381231046815267,1314462.3597498238
481,-0.01962005766647879,1288672.5324511165
482,0.1952324926666421,1540263.2831925822
483,-0.0576706096737559,1451435.360592765
484,1.1026632026331027,3051879.7237189156
485,0.0005683635910013911,3053614.301037993
486,0.10476887995484865,3373538.0511718513
487,-0.13503234932915253,2918001.2825708254
488,0.22046446697299807,3561316.879959327
489,0.03096045362670428,3671576.866071307
490,-0.011944439246948551,3627721.9392540166
491,0.012341858008177137,3672494.7683214387
492,-0.010084641872538795,3635458.9738041447
493,0.020674817428697798,3710621.4243570664
494,-0.007369206802577134,3683277.087714906
495,0.021125420058355188,3761087.8633841984
496,-0.006697482770159589,3735898.0422221264
497,0.002026576228995659,3743469.124388445
498,0.029506702103581497,3853926.55267573
499,0.03241636566939255,3978856.845070248
500,0.10560389271056041,4399039.616447725
501,-0.012088095943298252,4345863.603505735
502,0.007208592428276067,4377191.162972287
503,0.002960558333644201,4390150.092747779
504,-0.009038472738274702,4350469.840817544
505,-0.007540910487415989,4317663.337169736
506,0.01798228742571216,4395304.800306181
507,0.01596182705542484,4465461.895384547
508,-0.002832221475422891,4452814.718306757
509,0.015020028472284137,4519696.12215753
510,-0.0019501125598717813,4510882.205982907
511,-0.008502877796251968,4472526.725832147
512,-0.004397357415986734,4452859.42726611
513,0.009122144456805752,4493479.0542074805
514,0.005576263197108115,4518535.876084434
515,0.011928447093832362,4572434.9922238905
516,-0.013766847354461877,4509486.977647744
517,0.007713243735015979,4544269.749826222
518,-0.011580473423979559,4491644.954756965
519,0.00982086258017899,4535756.782616587
520,0.01590366519854353,4607891.939909345
521,-0.00047012693353123026,4605725.645801592
522,-0.0006872128383197428,4602560.532008018
523,-0.01281251716742687,4543590.146177544
524,0.003627960237062991,4560074.110561388
525,0.01195836104101632,4614605.123149272
526,-0.007558631536995295,4579725.023334656
527,-0.007225683439381148,4546633.380076627
528,-0.030903532248156375,4406126.348794885
529,-0.005365428865998064,4382485.591295826
530,-0.017395689444858878,4306249.232953075
531,0.0018035962396201694,4314015.967876497
532,0.012957750202950157,4369915.909159779
533,0.013497395765821691,4428898.393649069
534,-0.014034655742734907,4366740.329374652
535,-0.018540944727953715,4285776.8382863905
536,0.013347901736447284,4342982.966388179
537,-0.03328831877345353,4198412.3649753705
538,0.0057119552630248045,4222393.50857984
539,0.025182743997876525,4328724.963364702
540,0.008162186539439757,4364056.823993614
541,-0.0026252248352978545,4352600.193636615
542,0.013127094010105344,4409737.185566885
543,-0.008428702120173593,4372568.824401489
544,-0.041002707655902346,4193281.6631892426
545,0.015181178905886399,4256940.622320891
546,0.1310039541951975,4814616.676619093
547,0.00020638580377398867,4815610.345151761
548,0.10308184998592483,5312012.368341362
549,-0.019456888844182126,5208657.134151624
550,0.037745543216099006,5405260.727106586
551,-0.013502821206791082,5332274.457932376
552,-0.0047354622112469,5307023.6737368405
553,-0.03482681553695732,5122196.939201342
554,0.04236763556043915,5339212.312390221
555,-0.05514962241347187,5044756.769376541
556,0.1666662647157081,5885547.536527812
557,0.0705465725035661,6300752.742536656
558,-0.014921214768927441,6206737.857659358
559,0.01870991987726268,6322865.425675337
560,-0.018111944282629792,6208346.039378939
561,-0.05141870174460048,5889120.946052842
562,-0.03549721448568735,5680073.55669865
563,2.7279128696465107,21174819.312555727
564,0.1012041680593494,23317799.284889974
565,-0.032090422534371325,22569521.253266193
566,0.003779077019346376,22654813.21237206
567,0.03947632823639774,23549142.05487794
568,-0.1435143585139798,20169502.03931755
569,-0.023439464160590964,19696739.71913
570,-0.007183931379096343,19555239.692595847
571,0.002088773191781501,19596086.153024603
572,0.02639996891489746,20113422.218318105
573,-0.006599995798230543,19980673.71618917
574,10.145185248021896,222688309.94721037
575,0.008384288384859846,224555392.95774484
576,-0.007007987404132514,222981711.59236693
577,0.034708038060235306,230720969.32505122
578,0.013007864291422153,233722156.38321686
579,0.012610575993183576,236669527.39757815
580,-0.010165407353266554,234263685.2434767
581,-6.0370867020464714e-05,234249542.54168713
582,-0.0048470645518736465,233114119.8877407
583,-0.00446596827578225,232073039.62368515
584,-0.012921346112288087,229074343.55537677
585,-0.006563330775617396,227570852.8664154
586,-0.006206676957034148,226158394.09783682
587,-0.024754204767776136,220560022.90038756
588,-0.01056951804881348,218228809.7574952
589,-0.02940718290166399,211811315.2345441
590,-0.01124270693386472,209429982.69208568
591,-0.011348182832045398,207053332.9579838
592,0.016340123230423994,210436609.93378726
593,-0.03878789349523951,202274217.12017626
594,0.02552376119287859,207437015.9334281
595,-0.011300260897389574,205092923.5336044
596,0.018901348374540626,208969456.3304661
597,0.018391526771429773,212812723.68097898
598,0.009454013161687778,214824657.97163358
599,-0.02160473288074073,210183428.61995995
600,0.04839747640259347,220355776.14681065
601,0.03886092508806449,228919005.45637417
602,-0.024832494427285492,223234375.52907902
603,-0.002242025293876546,222733878.4126801
604,0.01809778953379139,226764869.26623785
605,-0.012951889600133958,223827835.71431273
606,-0.017423343304575924,219928006.49154204
607,-0.007971240911599205,218174907.3685902
608,-0.022736732743930014,213214322.80831888
609,-0.019831263702197215,208986013.3476217
610,0.030142754588667175,215285427.460423
611,0.05347739033783327,226798330.29877132
612,-0.07711016080494867,209309874.5791392
613,0.08850767861081762,227835405.6884602
614,-0.04521884831148096,217532951.038649
615,-0.06428827978403698,203548131.8200291
616,-0.19082637259231017,164705780.17687157
617,0.03331627808620347,170193163.75164932
618,-0.008978233457586476,168665129.79460177
619,-0.059704570851481696,158595050.6026056
620,0.07401232861308736,170333039.60421488
621,-0.05474239790349765,161008600.57408872
622,-0.049807591459591974,152989149.9752139
623,-0.16753148527176331,127358650.44940175
624,0.007215090022087232,128277554.57748573
625,0.08983487289404318,139801352.38811284
626,-0.04285616338966944,133810002.78807113
627,0.148815341991636,153722984.1148797
628,-0.01284501672737607,151748409.8125419
629,0.03615805139860648,157235336.6142006
630,0.02991009026154258,161938259.72463536
631,-0.053543153002240614,153267574.70728263
632,0.3452967421771325,206190368.9350976
633,-0.23292408849572582,158163665.19429258
634,-0.004437223926539884,157461857.59478322
635,0.0002567511074799309,157502286.10110652
636,-0.029252267723005917,152894987.06109148
637,-0.006237672581536642,151941278.1924461
638,0.11127095315143483,168847929.0399669
639,-0.022149810016524222,165107979.49004808
640,-0.04466864478763784,157732829.80260253
641,-0.06984580965119934,146715852.59646493
642,-0.6052032107368351,57922947.539092116
643,-0.2805927136561324,41670190.50613646
644,-0.3284083023836819,27985353.982011568
645,-0.006998183685553768,27789507.334340207
646,-0.023147966123824294,27146236.759967133
647,-0.0045670972309602206,27022257.257229697
648,-0.018925389747657333,26510850.506775163
649,0.40914715311826166,37357689.518366046
650,-0.06455819417045743,34945944.54467971
651,1.0004050807337341,69906045.01821661
652,1.889809658775138,202015164.10041198
653,0.05568300028112863,213263974.53980747
654,0.015222915858918114,216510474.0799654
655,0.03479289511959563,224043500.29692358
656,-0.04086405976630733,214888173.3105374
657,-0.01966120726903022,210663212.39541563
658,0.04479639501656571,220100164.87333935
659,-0.04282708231652661,210673916.99442777
660,0.05156183976244969,221536651.74462208
661,0.005240201166727068,222697548.36556706
662,-0.01662644821794159,218994879.1094044
663,-0.10292420577105367,196455005.10914105
664,-0.2332990186751646,150622245.203354
665,-0.0045012620769192425,149944255.0030797
666,0.15400607119631185,173036580.61456195
667,0.011942627010707562,175103091.9560499
668,0.026991853198928953,179829448.90880615
669,0.021436326801261237,183684331.74410602
670,-0.017594911555790557,180452422.172884
671,-1.2076839411467213,-37477070.226336524
672,-0.033956487249779975,-36204480.56903682
673,-1.2978158318392816,10782267.49697681
674,-0.03115664839713922,10446328.1796496
675,-0.009728850710765399,10344697.412314128
676,0.00801135993848004,10427572.50673884
677,-0.055516070980569536,9848674.65129969
678,0.015117649338354716,9997563.461125582
679,0.13656062345841785,11362836.96044199
680,-0.30661644627715906,7878804.272004511
681,0.007323195650533112,7936502.297180656
682,0.28442359861606104,10193830.840969414
683,-0.003543666365326156,10157707.305484446
684,-0.012044173459929306,10035366.116742
685,-0.03442748704410091,9689873.679775055
686,1.7314616494984854,26467518.344790332
687,-0.009649506005944355,26212119.867559835
688,-0.04075404555253328,25143869.94044884
689,0.10339156825046919,27743534.085477676
690,0.017145522485341375,28219211.47296307
691,0.03760818298557148,29280484.741746802
692,-0.010452445694219305,28974432.065083276
693,0.03623334540788572,30024272.67009476
694,0.017087241065476957,30537304.65502428
695,-0.033547444911804614,29512856.109354857
696,-0.010366062584769544,29206923.995869987
697,0.10198386271433939,32185558.922972936
698,-0.16402182155427283,26906424.920684535
699,-0.03705196657334477,25909488.96391512
700,0.24235360881001256,32188747.116743144
701,-0.017949517260560835,31610974.644775335
702,-0.043395910253514004,30239187.626064558
703,-0.26289096290495967,22289578.473584704
704,0.6319881194305352,36376327.25600484
705,-0.019594644548538688,35663546.053442106
706,-0.00033204470355646,35651704.16186502
707,0.00843535950930398,35952439.1035897
708,-0.013464571308746,35468354.92355607
709,0.02331910115768935,36295445.0799153
710,-0.010474465150490768,35915269.705304176
711,0.1811930036593213,42422865.30044287
712,-0.015305654532034769,41773555.57989524
713,0.041704151702097104,43515686.27893518
714,0.015615922728244457,44195223.87333356
715,-0.012794138943243931,43629784.03847036
716,0.003289330112262715,43773296.80089962
717,-0.18143840608948672,35831139.60006236
718,-0.006718156394596623,35590420.40043252
719,-0.031115545869205674,34483005.04195855
720,0.06087065197353518,36582008.040869266
721,-0.009557489652285445,36232375.877558835
722,0.005814022610843294,36443031.730155535
723,0.000918989588411817,36476522.49688571
724,-0.10003408736204109,32827626.858768787
725,0.06246546980005054,34878219.99292254
726,-0.0818331378898028,32024025.80689083
727,-0.23799081120593407,24402601.927029114
728,22.14216206692436,564728968.6499485
729,-0.03605061578771607,544370141.576956
730,0.2080609740734044,657632323.4899346
731,-0.04295589024451219,629383141.5808574
732,0.2124635468208912,763104116.1504015
733,-0.07300451844287598,707394067.6290649
734,0.7419483716329757,1232243944.2092767
735,0.0373587977934548,1278279096.5532002
736,-0.00617429280398743,1270386627.1258643
737,-0.02514985657110885,1238436585.663794
738,0.00805166235590944,1248408058.9007642
739,0.00022909787335232375,1248694066.5321343
740,0.10171621542789837,1375706501.2070553
741,-0.032484198864904446,1331017777.6421034
742,-0.06625218884937169,1242834936.4758878
743,-0.011956013469913837,1227975585.2345026
744,-0.1069002887858846,1096704640.5509186
745,0.02554091913588496,1124715485.0911794
746,0.02378569570445825,1151467625.3736503
747,-0.002901700433163776,1148126411.2663295
748,0.03659222511215072,1190138911.3645928
749,-0.012550834309075564,1175201675.0832722
750,0.003638035355539649,1179477100.3271146
751,-0.034034903237756924,1139333711.3463311
752,-0.061687662876012496,1069050877.4575225
753,0.07408455843535727,1148251039.6588943
754,0.026994307775684595,1179247281.6271963
755,-0.2332985738256145,904130572.6358386
756,-0.0914348474380366,821461531.662816
757,0.020318980833348384,838152792.7800058
758,0.04496731021377438,875842269.4194857
759,-0.05029705176791227,831789985.453968
760,0.03021512402930019,856922623.0307895
761,-0.040692110897064426,822052632.6242173
762,-0.06530328387381959,768369896.1967373
763,0.2492485619338163,959884987.8570098
764,-0.02316656556206875,937647749.3537748
765,-0.035397342820131836,904457510.5253742
766,0.07273987588302608,970247637.5824606
767,0.02712106577815206,996561787.5824312
768,0.15931384461448977,1155327877.3580768
769,-0.018052902699665713,1134470855.6019201
770,0.007348811291430001,1142807867.8353658
771,0.02554229444951599,1171997802.8948402
772,0.03500447038989358,1213022965.283293
773,0.010897105990166798,1226241405.1044915
774,0.0060144965734482605,1233616629.8337128
775,0.019919562347146626,1258189733.2041624
776,0.0027670269055353083,1261671178.0482066
777,-0.03887148471379789,1212628146.1368663
778,-0.008003845586481548,1202922457.7013655
779,-0.022143709684569825,1176285292.0249772
780,0.012426564966988234,1190902477.6260383
781,-0.006635728651441413,1182999971.9341826
782,-0.06295084440181856,1108529124.7735982
783,-0.5208783572389024,531120295.31004816
784,0.018755806844383587,541081884.9800154
785,0.045488614810765333,565694950.4269542
786,-0.032827736266786034,547124465.7868855
787,-0.0800893166172118,503305641.21745676
788,-0.0027585400974107803,501917252.42490536
789,0.008659022802276147,506263365.3585084
790,0.011185772874573502,511926312.3781259
791,-0.00030178881149939697,511771818.74473804
792,0.009188560856552789,516474265.2459428
793,0.0029573599742683866,518001665.5657208
794,0.023327609544721187,530085406.1635532
795,-0.005253866457440471,527300408.2285318
796,0.005982060234998903,530454751.03249437
797,-0.03675962965452886,510955430.83605456
798,0.23773765547127673,632428777.0133343
799,0.010387088709328522,638997870.8225039
800,-0.03900170105639851,614075866.8890095
801,-0.0472980576161078,585031271.1562318
802,-0.4279311718402856,334678153.72713363
803,-0.1353729891586141,289371771.6510054
804,0.0654282712349011,308304866.41431123
805,0.2168534085658642,375161827.57369804
806,-0.14596764963295647,320400337.37076086
807,0.3776209769226463,441390225.775053
808,-0.16313590527564917,369383631.7134166
809,0.011591990063471693,373665523.1018476
810,-0.18501484096650428,304531855.7704936
811,0.1276741874542379,343412713.00992256
812,0.013912492152715766,348190439.68481594
813,-0.043000237666748355,333218168.02507925
814,0.09861602062313021,366078817.75504214
815,-0.09008827038721154,333099410.23809516
816,0.024963346093340534,341414686.09935635
817,0.02687259290960189,350589383.9722639
818,-0.02793088047615303,340797113.79232645
819,-0.13470859857093145,294888812.1963439
820,-0.049690703156273185,280235579.7653894
821,-0.0010765085594099024,279933903.76512074
822,0.031121612419953534,288645898.2213034
823,0.3480366482345575,389105249.16489905
824,0.08371783878156325,421680299.68354607
825,0.023564685239278984,431617063.21719366
826,0.08689604774769111,469122880.15123314
827,-0.04218614469326882,449332394.4502502
828,0.05927943446526435,475968564.6801841
829,-0.06964531513672896,442819583.99785614
830,-0.1476966413941745,377416618.69780725
831,0.0017029633666523342,378059345.3734154
832,0.021708822503437766,386266568.59789276
833,-0.01470607589567039,380586103.124132
834,-0.016376208148681924,374353545.88087547
835,0.03338406192152938,386850987.8371067
836,0.0070594089972849305,389581927.18125254
837,0.03957364175242575,404999102.80074304
838,0.006857063731568994,407776207.459876
839,0.006337856783639416,410360634.6625323
840,-0.016188481845374945,403717518.9782414
841,-0.09549800131381059,365163302.82044894
842,0.08365054978890436,395709413.86411166
843,-0.0003076859535476962,395587659.6357791
844,-1.1587114202389028,-62784279.28977824
845,-0.18296881536917045,-51296714.084320374
846,-0.24248392573860383,-38858085.47566364
847,-0.15148410165364684,-32971703.30540211
848,0.16276748500670904,-38338424.52880981
849,-0.04627077743415837,-36564475.82026097
850,0.0010312248153640732,-36602182.015087605
851,-0.9778405896118896,-811082.7723726373
852,-0.17689814341112012,-667603.7357871736
853,0.010741942034304341,-674775.0964188845
854,0.019362793799365154,-687840.6274717901
855,-0.08734148155045893,-627763.6079978066
856,-0.004896658343310441,-624689.6640890775
857,0.009631373364102965,-630706.2834806155
858,-0.13606141469113514,-544891.4942956548
859,-0.03190694999188268,-527505.6686361611
860,0.46462785756830716,-772599.497309718
861,0.04475945095730053,-807180.6266191874
862,0.020491401185619224,-823720.8886685007
863,0.015513045121087274,-836499.3079815973
864,0.0005007055002804627,-836918.1477860844
865,0.009021533095203314,-844468.4325543129
866,-0.015667333135942964,-831237.8642986969
867,15.79869019909282,-13963707.364109367
868,0.0561394792337959,-14747622.623703588
869,-0.002381251999045719,-14712504.817849722
870,-0.005585203065348983,-14630332.490842106
871,-0.03447059524643721,-14126016.221229488
872,0.04859943400372224,-14812532.61430864
873,-0.029810672675380467,-14370961.053050088
874,-0.02657120639047867,-13989107.280879963
875,-0.0021569049672894246,-13958934.105897889
876,0.004541671505488298,-14022330.999173634
877,-0.3969588038774064,-8456043.258168591
878,0.10956453083576034,-9382525.670476727
879,-0.050564660932727094,-8908101.441256464
880,0.04558688800069978,-9314194.063957894
881,-0.005410584893859471,-9263798.826256968
882,-0.02064643458271627,-9072534.40980321
883,0.014259426499529085,-9201903.547384247
884,-0.05438032316716226,-8701501.058724435
885,0.0003538174902856873,-8704579.801990751
886,0.013808202199433942,-8824774.399957748
887,-0.02765137197644217,-8580757.280416332
888,0.2096267511589184,-10379513.551593244
889,0.007253009511529934,-10454796.262108004
890,-0.013330098471279092,-10315432.798436943
891,-0.0062017292460411575,-10251459.277165305
892,-0.12848387737414405,-8934312.040491967
893,-0.04725669634312348,-8512105.969359726
894,-0.09900423371070854,-7669371.440598918
895,0.01941169038729126,-7818246.904468958
896,0.04013000795872983,-8131993.214968612
897,-0.0020615705595233317,-8115228.53716639
898,0.0409001365949049,-8447142.492835365
899,0.016690467978706606,-8588129.254123606
900,-0.013759624260314091,-8469959.822487853
901,0.20548258931011348,-10210389.098165287
902,0.006427690164476447,-10276018.315747041
903,0.05513082877708679,-10842543.7220227
904,0.003611005996684478,-10881696.212422237
905,0.022479312194446877,-11126309.258786406
906,-0.0034737768945804354,-11087658.942761278
907,-0.017048716361452353,-10898628.59033362
908,0.010154409814484285,-11009297.731455723
909,0.00044412552794696996,-11014187.241623031
910,-0.01857705023261523,-10809576.13196397
911,0.01022388463183347,-10920091.99125619
912,0.014972679237879477,-11083595.025889406
913,-0.0140168598586754,-10928237.827681202
914,0.06677747754427477,-11657997.983817678
915,0.008792448160993739,-11760500.326751364
916,-0.01562815469709528,-11576705.408329654
917,-0.015762091111177514,-11394232.322916301
918,-0.0058433415119530634,-11327651.932186967
919,-0.11078577621679313,-10072709.220165977
920,-0.01753456134739732,-9896088.682410482
921,-0.005003976139105585,-9846568.890773227
922,-0.15109561072370903,-8358795.550688772
923,0.007442290351828543,-8421004.13416857
924,-0.013320403278848139,-8308832.963088598
925,0.022743026053054338,-8497800.967638599
926,0.01934970985849125,-8662230.950797612
927,-0.0029352665533762526,-8636804.994010115
928,0.013766787547417461,-8755706.053451126
929,0.004470481175716455,-8794848.272543186
930,0.016038724918624642,-8935906.424687548
931,0.002532243648248035,-8958534.316972801
932,-0.006368582284372212,-8901481.154027788
933,-0.006181257879287445,-8846458.803507125
934,0.023624677432019965,-9055453.539155634
935,-0.006839129302069575,-8993522.121512465
936,-0.066379963774915,-8396532.448877571
937,0.021873782935858427,-8580196.377078211
938,0.007432456578047477,-8643968.314081965
939,0.020463671882580282,-8820855.645424759
940,0.010045517082538044,-8909465.701493476
941,0.07432130562165631,-9571628.824819837
942,-0.015858058494870434,-9419841.375024656
943,0.02942085353581734,-9696981.148449888
944,0.005857264005042652,-9753778.927088281
945,-0.05747216061236133,-9193208.178013198
946,-1.5973552327750444,5491611.011126516
947,-0.042042311846855446,5260730.98845511
948,0.08468152743257627,5706217.723969376
949,-0.07279615681268393,5290827.003727985
950,0.012132942414271257,5355020.303088088
951,-0.03865639590268016,5148014.518185024
952,0.11621418083160967,5746286.8083251305
953,0.08977334574334588,6262150.20070933
954,3.944904588229481,30965735.259669732
955,0.010264623099198684,31283586.86109981
956,0.05287304815016195,32937645.455516513
957,0.021850399769069197,33657346.176171415
958,0.08087281215077413,36379310.4109705
959,0.015228796262804751,36933323.5174005
960,-0.05438188662139429,34924819.70532595
961,0.07420573355258249,37516441.570751354
962,0.022290322070350175,38352695.136296876
963,0.00022601200788074984,38361363.30593227
964,0.05102383378121163,40318707.13087483
965,0.003780454236593615,40471130.15806172
966,-0.03806839096001089,38930459.35261114
967,-0.04987550215465434,36988783.1432883
968,-0.005128179301169834,36799098.03119743
969,-0.009807887822821217,36438176.60572644
970,0.04971523509432327,38249709.1220886
971,-0.05933739924629468,35980070.86085659
972,-0.025667388458329995,35056556.40531275
973,-0.008800752617315903,34748032.32477461
974,0.05618107796273711,36700214.23786448
975,-0.005648973017861075,36492895.71788506
976,0.013604874844843745,36989376.99685282
977,-0.0051117740063546325,36800295.66100906
978,-0.01280756259553399,36328973.57079653
979,-0.01254843821561465,35873101.69050669
980,0.026953752669936822,36840016.4009761
981,0.02065126372426547,37600809.29527892
982,-0.005345632392482004,37399809.19112654
983,-0.013288198007793633,36902833.12114115
984,-0.08583336998247734,33735338.59245262
985,0.03637204305287119,34962361.7801405
986,-0.05545531103607771,33023513.13306693
987,-0.061258197884666236,31000552.23071464
988,0.1507197164916599,35672946.67401285
989,-0.0181364641628895,35025965.555074945
990,0.04698089729655026,36671516.84553043
991,-0.0142675965231415,36148302.43928681
992,0.020702789452814493,36896673.13376403
993,-0.0005437849996280683,36876609.27637771
994,0.07173865184537342,39522087.510493636
995,0.01882044496906389,40265910.78354741
996,0.0053762679240746845,40482391.10812665
997,0.00945046406680912,40864968.49063251
998,-0.012462266290827643,40355698.37133597
999,0.028576103979017435,41508907.00414113
1000,-0.08043977662760468,38169939.796672
1001,0.052418914285734634,40170766.5991654
1002,0.07110549491749026,43027128.839414045
1003,0.00038557146921629535,43043718.87269682
1004,-0.008925748165795194,42659521.47791984
1005,0.07316177428245078,45780567.75928477
1006,0.018155331148660084,46611729.12712826
1007,0.02094214883792855,47587878.89610179
1008,-0.00893171312478614,47162837.61358474
1009,0.020662484863289907,48137339.03188524
1010,0.003314948658508674,48296911.83933316
1011,0.0119708277981161,48875065.85414261
1012,0.014701615175619425,49593608.264013276
1013,-0.012640541307333131,48966718.21017232
1014,-0.0001407850273555788,48959824.429409586
1015,0.002958642103542862,49104679.0273485
1016,-0.010482571578649286,48589935.714597724
1017,-0.005429672442148513,48326108.279682405
1018,0.0177449941481665,49183654.78830903
1019,0.006901734742351084,49523107.327317305
1020,-0.015105438892150444,48775039.055835105
1021,0.019939186938581335,49747573.67750601
1022,-0.008346582008652058,49332351.47407524
1023,0.0016454085860015486,49413523.34875833
1024,-0.01520595414462865,48662143.578592576
1025,0.012262431400381732,49258859.776020594
1026,-0.012320673621487793,48651957.44175361
1027,-0.015637988289067865,47891138.70103924
1028,-0.028684180162703354,46517420.650341615
1029,0.02069702127670103,47480192.69527899
1030,-0.005044660793134323,47240671.22873865
1031,0.01720261853156773,48053334.47506185
1032,0.023606403249618966,49187700.866168976
1033,-0.0031863344292141437,49030972.401405215
1034,0.008612118274359993,49453232.934833
1035,-0.021085181376289827,48410502.548758134
1036,-0.004510436653562278,48192150.043644845
1037,-0.00031621087908681125,48176911.16151446
1038,0.0021188619412968266,48278991.38502383
1039,0.0025425547021401835,48401743.36158441
1040,-0.005467469892941565,48137108.28698906
1041,-0.011657358800204739,47575956.74408332
1042,-0.004692595926325958,47352702.00327498
1043,-0.019378918919945,46435057.830513194
1044,0.001293335140567929,46495113.9225597
1045,0.016345658086458884,47255107.157428816
1046,-0.004880117715538057,47024496.6718402
1047,0.006255552110896151,47318660.86125956
1048,0.022597354832581962,48387937.43094405
1049,0.02041585933332041,49375818.75496371
1050,-0.011371256929092405,48814353.63381672
1051,-0.00776697776511498,48435213.634524405
1052,0.016897587824256266,49253651.910700396
1053,-0.017389354799066645,48397162.6824755
1054,0.25991170221309995,60976151.617562026
1055,-0.004531271310803702,60699852.13109415
1056,0.4910738988461542,90507965.1764956
1057,0.048787374221116946,94923611.14355311
1058,0.005550645977990088,95450498.50396337
1059,-0.0074741539755431895,94737086.78110239
1060,0.03812238158752735,98348690.15386227
1061,-0.008328993887746834,97529544.51470284
1062,-0.0017784453098401468,97356093.55368982
1063,-0.00028960581236848576,97327898.66312718
1064,0.0037936373706420885,97697125.41670169
1065,-0.0031709607982270687,97387331.66190585
1066,0.0007269522647544817,97458127.60321587
1067,0.0006596370284623475,97522414.59290756
1068,0.0015222460459430474,97670867.70291243
1069,0.0033223462128006277,97995364.14032616
1070,-0.020555305403609083,95981039.50228387
1071,0.001356955294117519,96111281.4819714
1072,-0.011275225666322013,95027605.09418277
1073,-0.009651572100974786,94110439.31203331
1074,-0.02453971948188786,91800995.53099878
1075,-0.011132700199723919,90779002.56971598
1076,-0.07214820240451077,84229460.7182365
1077,-0.01922333520304366,82610289.56087825
1078,3.3326490869790613,357921395.64101505
1079,0.03719145273896648,371233012.3112628
1080,-0.033843499331884026,358669188.10713327
1081,-0.30302186802905,249984580.722447
1082,-0.02543419056476645,243626425.25809905
1083,0.0385049509898133,253007248.82248557
1084,-0.24581057171206455,190815392.34213382
1085,0.0365822398085658,197795846.78395933
1086,-0.0027742236666356635,197247116.86464903
1087,-0.02377348304859314,192557865.87548342
1088,0.010808022804544997,194639035.68106017
1089,-0.011448255745829474,192410758.22246176
1090,-0.0004936327522970694,192315777.97030884
1091,-0.005330457569120477,191290646.8759657
1092,-0.03165577518539754,185235193.16339087
1093,-0.05872367486253112,174357501.90696576
1094,-0.04140170761904338,167138803.59182677
1095,-0.24412876134233652,126335414.49871403
1096,0.10530957201760971,139639742.93024093
1097,0.0115552613661048,141253316.65689555
1098,0.02291250203952577,144489783.56288645
1099,0.0010115935012565828,144635948.48893663
1100,0.004718076975031852,145318352.02726418
1101,0.002321755125009275,145655745.65584138
1102,0.010875290300155969,147239794.17373434
1103,0.010600552988296584,148800617.4138589
1104,-0.0032675701427403612,148314400.95917603
1105,-0.007781830986072859,147160243.35811108
1106,0.021000107852785985,150250624.34027365
1107,-0.013117891871323931,148279652.89657903
1108,0.0006558947250532031,148376908.7387466
1109,0.011398414534102336,150068170.25183952
1110,0.007179823552961683,151145633.23516354
1111,-0.014017652851079853,149026926.21851638
1112,0.004246488014186797,149659767.2744944
1113,-0.008045133105312357,148455734.52626103
1114,0.029989579770114433,152907859.61916727
1115,-0.012723435274395772,150962346.3643564
1116,0.014716175388945164,153183934.73058096
1117,0.002857425291837327,153621646.37998328
1118,0.00360781573475652,154175884.97299218
1119,0.001403074941237861,154392205.29374096
1120,0.007647539737617672,155572925.81890327
1121,-0.01879738842265536,152648561.1042364
1122,0.003270365745761215,153147777.72961143
1123,-0.018522578923851864,150311085.92960218
1124,0.002802983636805679,150732405.44389334
1125,-0.004406047232757251,150068271.34600043
1126,-0.013850595649690555,147989736.39973894
1127,0.014158655713852612,150085072.12660664
1128,0.009085913307127297,151448732.08064294
1129,0.019359728537813852,154380738.4211203
1130,0.01110828181914571,156095643.1709499
1131,-0.009707689227668778,154580315.17725325
1132,0.008216630417379996,155850444.49686685
1133,-0.0037020480554251817,155273478.66188008
1134,0.0049884141157484655,156048047.07463837
1135,-0.024846702767535242,152170767.63152048
1136,0.00115457197086466,152346459.7346128
1137,-0.015935918089383546,149918679.03107443
1138,0.0010401130821100148,150074611.4103873
1139,-0.0029202311171462295,149636358.86025307
1140,0.0003727582394576534,149692137.04594067
1141,0.02571494380836668,153541461.93863136
1142,0.013347950037201604,155590925.7012271
1143,0.001630240552078719,155844576.3378407
1144,0.011083092946639532,157571816.26262265
1145,-0.016280862686326468,155006411.15881583
1146,0.011712271883859078,156821888.39004913
1147,-0.018891620753682607,153859268.74870798
1148,0.009455202554939599,155314039.2996819
1149,-0.01423178482197568,153103643.31253695
1150,0.010323223517501699,154684166.44379613
1151,-0.14382685172153817,132436429.77301453
1152,0.010918436478534833,133882428.51893513
1153,-0.025176770223932964,130511701.37909177
1154,0.059249826715528864,138244497.0701518
1155,0.007422135372923312,139270566.44196817
1156,-0.0016573827376868717,139039741.80927938
1157,-0.013894404591665814,137107867.3822605
1158,-0.008679045776381648,135917901.9249478
1159,-0.002017978635205188,135643622.50272134
1160,-0.028856309060443074,131729448.20970474
1161,0.09319431063732221,144005883.326243
1162,0.021351119066021763,147080570.08734927
1163,-0.010645158303766396,145514874.13536122
1164,-0.049088031784626174,138371835.36866874
1165,-0.07823717467052739,127546013.91544874
1166,0.02056925087943391,130169539.87434737
1167,-0.005094363016310078,129506408.9845614
1168,-0.053800066129283765,122538955.61702593
1169,-0.00017402401745152585,122517630.89567514
1170,-0.07642380888168634,113154366.88746707
1171,0.04291251750162142,118010105.6369104
1172,-0.02082148461384062,115552960.03811376
1173,-1.682970727144908,-78919289.14097703
1174,-0.018645543975668817,-77447796.06477042
1175,0.027265802530860903,-79559472.37872283
1176,0.007187852872030893,-80131334.1607575
1177,-0.014968803253687204,-78931863.98524965
1178,0.012771554442809223,-79939946.58340968
1179,0.005490453635701707,-80378853.15376636
1180,-0.0036427369349458696,-80086054.13659455
1181,-0.007540168398061171,-79482191.80206838
1182,0.014443025124799305,-80630155.09523977
1183,0.0014301342088899008,-80745467.03830957
1184,0.00922058842820584,-81489987.75731309
1185,-0.0197415476152517,-79881249.28383581
1186,0.0034845998220854172,-80159603.47087823
1187,-0.0001410466850189806,-80148297.22453623
1188,0.004828666475777195,-80535306.62043497
1189,7.213985687185268e-05,-80541116.4259277
1190,-0.0031817554829269273,-80284854.28713845
1191,-0.011900045942322544,-79329460.83264883
1192,0.008430422532312678,-79998241.7067286
1193,-0.004929261717760841,-79603909.43639545
1194,0.03456268382878231,-82355234.18978061
1195,0.002961413554001677,-82599122.0965532
1196,-0.00015977141241783769,-82585925.11815137
1197,-0.025820099484323702,-80453548.31559579
1198,0.0010372061344627315,-80536995.22944802
1199,-0.02696067341496541,-78365663.60324425
1200,0.24893026334655785,-97873248.8813276
1201,-0.0042897855395087016,-97453393.63357174
1202,0.023491968748789734,-99742765.71127512
1203,-0.019821789791301,-97765685.57614323
1204,-0.04717399768186036,-93153687.35140876
1205,0.04183681781832577,-97050941.19823493
1206,0.055670645158249,-102453829.70795596
1207,0.006289821346746783,-103098245.99310902
1208,0.00020333269570830398,-103119209.2373896
1209,-0.01092511445537096,-101992620.07392377
1210,0.004576799857301588,-102459419.88292392
1211,-0.01747825540874208,-100668607.97317863
1212,-0.01679529216292533,-98977849.2906341
1213,0.29856412935418625,-128529084.68944213
1214,-0.00905284410362853,-127365530.92296654
1215,-0.006601296274567974,-126524753.31817639
1216,-0.011978035738746378,-125009235.3010952
1217,0.001405368516566417,-125184919.3446674
1218,-0.012499276551415368,-123620198.41771178
1219,0.004523218891801623,-124179359.63460304
1220,-0.01509035220729534,-122305449.36084048
1221,0.007041747632422504,-123166693.46930955
1222,-0.15154104893387493,-104501883.54725334
1223,-0.020473561846224314,-102362357.77140172
1224,0.07469090518434697,-110007894.93015169
1225,-0.07490407120081195,-101767855.73565216
1226,-0.024634856885201846,-99260819.1740905
1227,-0.007398939689247881,-98526394.35951607
1228,-0.01942040899557489,-96612971.48419496
1229,1.627789682283027,-253878569.64087182
1230,0.03266194395757753,-262170737.25451192
1231,-0.012488585648653173,-258896595.5477384
1232,-0.006343034373998778,-257254405.54286784
1233,0.0038547268198743045,-258246050.99944475
1234,-0.008636318604751142,-256015755.82459474
1235,0.00018070272149980161,-256062018.56841907
1236,0.004990452833645134,-257339883.99457273
1237,-0.006711202226123863,-255612823.9922379
1238,0.06822243377854242,-273051352.94999456
1239,0.004401202356140409,-274253107.2079454
1240,4.379252487515372e-05,-274265117.4439649
1241,-0.005181547544611611,-272843999.6981005
1242,0.002344388624334116,-273483652.06721056
1243,-0.01864784291175519,-268383771.8845281
1244,0.0018368115469564205,-268876742.2957413
1245,0.0033365973557343697,-269773875.72310376
1246,0.02023598898934689,-275233016.9018499
1247,0.007531843057342264,-277306028.7893535
1248,-0.0016719794593244703,-276842378.80527085
1249,-0.006340428482639196,-275087079.5014923
1250,-0.015858160525686612,-270724704.43621534
1251,0.06677590273797916,-288802590.9684162
1252,-0.06405414007986039,-270303589.35109866
1253,0.001314959977519027,-270659027.7528751
1254,-0.07669769836693913,-249900103.28199607
1255,0.06577386260297877,-266336998.33973628
1256,-0.019358058460117296,-261181231.1557835
1257,-0.009359759975479422,-258736637.52206516
1258,0.005302092303828601,-260108483.0565894
1259,-0.00884511833074276,-257807792.74512386
1260,0.022208046148695888,-263533200.103901
1261,-0.03890238654648612,-253281129.68562657
1262,0.3488893981876087,-341648230.5939225
1263,0.02442850349015315,-349994185.5873908
1264,2.520158761743294e-05,-350003005.99652445
1265,0.0011382741918095505,-350401405.38530606
1266,-0.011299030578080028,-346442209.1912553
1267,-0.017153551050312448,-340499495.06991005
1268,-0.0017632300574625707,-339899116.12565196
1269,-0.0125250584317574,-335641859.8352755
1270,0.013850636520140657,-340290713.23679787
1271,0.0020676383936908066,-340994311.3805027
1272,-0.0050876459479300895,-339259453.0539405
1273,-0.005239717831670311,-337481829.248211
1274,0.00835792334486223,-340302476.50735146
1275,-0.012479030540108306,-336055831.51014173
1276,0.009834303676920593,-339360706.6096125
1277,0.0022577959082392325,-340126913.8244129
1278,0.02592746414789745,-348945542.18833035
1279,0.006137902688287131,-351087335.9697939
1280,0.01821030974208228,-357480745.10432637
1281,-0.013451441628933067,-352672113.728088
1282,-0.0034397902749504442,-351458995.6210399
1283,-0.019534255118291828,-344593505.9369599
1284,-0.015108731701073928,-339387135.10982597
1285,0.021856341152949366,-346804896.11770844
1286,-0.00036116755400554757,-346679641.44166046
1287,-0.013848311449864098,-341878713.79364914
1288,-0.006657926837846059,-339602510.3297941
1289,-0.09072149576488676,-308793262.6271648
1290,0.060175301129140955,-327374990.1924043
1291,-0.0552164265924842,-309298513.0782302
1292,-0.06461607646916451,-289312856.7053684
1293,0.012453797522466597,-292915900.44342345
1294,-0.4865913415165365,-150385559.4951338
1295,0.026555906157227086,-154379184.30048865
1296,-0.023082865087796882,-150815670.41691634
1297,-0.013689305200175488,-148751108.6756101
1298,0.08929796900394606,-162034280.56742734
1299,0.02496191334823413,-166078966.23839492
1300,-0.024110898354678837,-162074653.16457084
1301,0.01799226792575528,-164990743.74828166
1302,-0.010163481100180019,-163313863.44249135
1303,0.01929315930602402,-166464703.8267696
1304,-0.034452345179797665,-160729604.39027694
1305,0.041269484693789354,-167362832.3385003
1306,0.017081803066860045,-170221691.28121847
1307,-0.024869978578255666,-165988281.46550012
1308,-0.17897481390416264,-136280559.67994046
1309,0.02212074570980232,-139295187.28580996
1310,0.003738297319084488,-139815914.11100188
1311,-0.03877478392388572,-134394582.25222722
1312,0.023997030865539247,-137619653.19069517
1313,-0.02120873381246721,-134700914.59880966
1314,-0.0065153864910664746,-133823286.07949828
1315,-0.013341725592501448,-132037852.51873879
1316,-0.03628837143997855,-127246413.88240169
1317,-0.025812857313497365,-123961820.35720102
1318,-1.6609134801205747,81928038.09435922
1319,-0.009482296681125409,81151172.13064596
1320,0.014105785393699612,82295873.14916803
1321,0.012441861831666809,83319787.03220636
1322,-0.007827022444035598,82667641.18907301
1323,0.028015576748167816,84983622.83539549
1324,0.01589188330457639,86334172.65229572
1325,-0.005770238035270878,85836003.9255138
1326,0.018873429486248396,87456023.69298333
1327,-0.0019179715559119593,87288285.52714702
1328,0.0124420116300944,88374327.39084679
1329,-0.008158311449299174,87653342.10386993
1330,0.001147661485665199,87753938.46869238
1331,0.0054550052882769715,88232636.66710623
1332,0.0011981269763780636,88338350.56929405
1333,-0.0065538532088442935,87759393.98695147
1334,-0.00830014666023718,87030978.14604624
1335,0.004841056256439544,87452300.0073042
1336,-0.0035752851840015303,87139633.09478123
1337,0.02608353086786972,89412542.4044238
1338,0.010174295579983932,90322252.03940426
1339,-0.020623597945083394,88459482.2278491
1340,-0.013662171159904694,87250933.64093567
1341,0.000683118119499959,87310536.33464909
1342,0.022823993266431336,89303311.42803963
1343,-0.005372769531694635,88823505.31731962
1344,-0.003426203948406322,88519177.87269013
1345,0.016362267028861323,89967552.29821835
1346,-0.00749891534542436,89292893.23969898
1347,0.00301544958400738,89562151.45747344
1348,0.0018701913141412044,89729649.81520501
1349,0.013365142679475216,90928899.38756457
1350,0.004103767173726007,91302050.42001429
1351,-0.016921473519281187,89757085.19157594
1352,-0.021068965616297137,87865996.24985558
1353,-0.04352658228903728,84041489.733678
1354,0.15737612080193147,97267613.37437959
1355,-0.08452262499748965,89046299.3647361
1356,-0.11481437393310988,78822504.25211364
1357,-0.007627410754046535,78221292.63552019
1358,0.044213753874145,81679749.61582455
1359,0.010842093604653961,82565329.10676402
1360,-0.03877692298531617,79363699.69873375
1361,0.020484775633360625,80989447.28049572
1362,0.06376801206943263,86153983.33217505
1363,-0.0396291157058007,82739777.15818866
1364,0.06990031252488994,88523313.4397858
1365,0.017891287842166082,90107109.52127929
1366,0.08398476888268934,97674734.28911111
1367,0.003613298879238473,98027662.29704787
1368,0.0887134321308037,106724032.66317837
1369,-0.005503595160114816,106136666.79354537
1370,0.008732786901405219,107063535.68707885
1371,-0.014362013747677692,105525887.71566604
1372,-0.01122100911869557,104341780.7673501
1373,-0.11539872112835431,92300872.70654279
1374,0.004855270759761351,92749018.43489532
1375,-0.043345474742441846,88728768.1989393
1376,0.077881702359264,95639115.71451321
1377,-0.04881690728757631,90970309.86961204
1378,-0.02876172234693725,88353847.07532741
1379,0.012653061325206329,89471793.72068943
1380,-0.05547852542316848,84508030.53809968
1381,0.6079525395331578,135884902.31468302
1382,-0.04949715674816029,129158986.0051047
1383,-0.24631123780614264,97345676.28840111
1384,-0.008024792848540093,96564497.40148565
1385,0.0010119683297721148,96662217.61463632
1386,0.04691734331489594,101197352.06404139
1387,0.1091501660104037,112243059.84164478
1388,-0.017101284147323554,110323559.38172777
1389,0.003751754930802971,110737466.3396219
1390,0.008285097238143071,111654937.01615126
1391,-0.014375367768579145,110049856.23336655
1392,-0.014312379983798588,108474780.8737922
1393,0.08756749285376275,117973645.47277148
1394,-0.005257576597156165,117353389.99525264
1395,0.015231668788333604,119140877.96284847
1396,-0.040764281185056477,114284185.71293642
1397,0.5047511225182074,171969256.73762035
1398,0.02269459836393543,175872029.95022514
1399,-0.12528551478579958,153837812.14148763
1400,-0.010465699834725256,152227791.77638397
1401,0.08306462844202747,164872536.73883963
1402,0.018526365565912976,167927025.6262428
1403,0.005709203551168848,168885755.19728535
1404,-0.014474878638118683,166441154.38709763
1405,0.028779286371259986,171231212.033167
1406,-0.027624917104932246,166500963.9949737
1407,-0.03145556865796227,161263581.4904129
1408,0.000495550688655678,161343495.76927555
1409,-0.03171884118075309,156225867.0514224
1410,-0.01452759621048302,153956280.73726672
1411,0.025235184713455292,157841395.91946822
1412,-0.010071477414983918,156251699.86531577
1413,0.00629671601928221,157235572.44689777
1414,-0.02937950376831732,152616069.3536806
1415,0.06390043988003273,162368303.31814238
1416,0.004809679761191293,163149242.86047062
1417,0.03038758069734725,168106953.64360428
1418,0.039304656752773566,174714339.75432056
1419,0.0027021001240611227,175186435.39344597
1420,0.012369932546379196,177353479.7823035
1421,-0.015406685455518506,174621050.5048559
1422,0.04295826625433966,182122468.086056
1423,0.002860446121531821,182643419.59353656
1424,-0.016659563971389013,179600659.8608648
1425,-0.021382183462184075,175760405.60179046
1426,0.047197571126331106,184055869.84637377
1427,0.04792881676322412,192877449.90643644
1428,0.012435628544392095,195276002.22806248
1429,-0.012333136569248646,192867636.62388688
1430,-0.013276190296209174,190307089.17808804
1431,-0.00012013593567561479,190284226.45786393
1432,0.006249541616477733,191473415.65007162
1433,0.018301269625209487,194977622.2559434
1434,0.008363967467355734,196608408.74535447
1435,-0.020715913844983388,192535485.88858643
1436,0.03040401446460769,198389337.58649328
1437,0.025942925059150124,203536137.3040341
1438,0.029066199778158826,209452159.33298793
1439,0.01667439610862595,212944647.6035132
1440,-0.0005498925807065195,212827550.92169487
1441,0.008027271244277193,214535975.40119854
1442,0.005031050492171152,215615316.72582915
1443,0.017127402848940373,219308247.1157943
1444,0.028155779344689484,225483041.73005724
1445,-0.016504801270788974,221761488.93636963
1446,0.01302582970188912,224650116.32569215
1447,0.010801605602264782,227076698.28074518
1448,-0.03821109933343349,218399848.00643152
1449,0.0014902227191270993,218725312.4217846
1450,0.02182484820764238,223498959.16455922
1451,0.04676086343009638,233949963.47082186
1452,0.004581962915053535,235021913.5274233
1453,-0.005177143928973172,233805171.25462914
1454,-0.013834420812966404,230570612.12724492
1455,0.0017015747172126061,230962945.25137287
1456,-0.002262691896462421,230440347.2667695
1457,0.01978110315562115,234998711.54727063
1458,-0.013684031266704396,231782981.83082253
1459,-0.23652447674357488,176960633.3352217
1460,0.009524016108070544,178646009.25760072
1461,0.03983823900316707,185762951.67136702
1462,0.055834171648802104,196134872.20097426
1463,0.017921123104028384,199649829.3906808
1464,-0.011509375969777542,197351984.4419215
1465,0.019703364347815357,201240482.49614507
1466,-0.002257363122209338,200786209.65226266
1467,0.05642647289815019,212115867.26952836
1468,0.024088715004098902,217225465.9440313
1469,-0.06192470977308021,203773842.01012504
1470,0.08582167202601555,221262053.8465991
1471,-0.024042047511329143,215942461.0355649
1472,0.02466561482241884,221268814.60327333
1473,0.030402072836568927,227995845.2213033
1474,0.022535330429669036,233133806.92995706
1475,-0.018774177103355823,228756911.54987448
1476,-0.02397041116595548,223273514.32296988
1477,-0.012917488136762485,220389381.35044965
1478,-0.1277502632023092,192234579.8759356
1479,0.005406664090508279,193273927.67590478
1480,-0.0781599852526349,178167640.33903724
1481,-0.14762866463759736,151864989.51415345
1482,0.24962664125882947,189774536.77137893
1483,0.0010738468221409814,189978325.55461416
1484,-0.12499764814122155,166231481.66248006
1485,0.06060632235961665,176306160.42643303
1486,0.008464353214097406,177798478.04210368
1487,-0.035080930645581355,171561141.96501872
1488,0.10209846902074998,189077271.90309867
1489,0.002902664326649507,189626099.755232
1490,0.018603220933132485,193153755.9836668
1491,0.06785839919500411,206260860.66322088
1492,-0.02352976647595786,201407590.7786852
1493,0.01882053416814045,205198189.2226583
1494,0.042575558224592726,213934616.6754886
1495,-0.03244141286171527,206994275.45050627
1496,0.028515277673357233,212896774.69177285
1497,0.05639389304506868,224902852.63338077
1498,0.007502590983027806,226590206.7476052
1499,0.010756332953653105,229027486.45541954
1500,0.016115967864857094,232718486.06730407
1501,0.010513306650151884,235165126.87448874
1502,-0.004936184386197314,234004308.44703278
1503,0.0163775393819943,237836723.2241804
1504,0.0006835476988984427,237999295.96905383
1505,-0.013303234759282046,234833135.46223366
1506,-0.004648741895660558,233741456.82692105
1507,-0.025568908782659907,227764942.83858746
1508,0.0025131834391016266,228337357.92093733
1509,0.027865701245100818,234700138.51985782
1510,-0.44951889337988626,129197991.97630532
1511,-0.19544545604148256,103946831.51485252
1512,-0.006458704530470989,103275469.64321944
1513,0.019454208853200834,105284612.19907103
1514,0.006537044242903005,105972862.36711325
1515,0.019996362007841693,108091934.08601323
1516,-0.03655664934572561,104140455.15452956
1517,0.5346578421031204,159819966.1830871
1518,-0.019915046658615376,156637144.0995726
1519,0.027373265853522573,160924814.28754672
1520,-0.023733327341470472,157105532.99269503
1521,0.03341075229862841,162354547.04025796
1522,-0.04259509868460038,155439039.08718458
1523,-0.019576331904386023,152396112.86711502
1524,-0.26368740608331,112211177.16800612
1525,0.08188935405708944,121400077.98427977
1526,0.0005817742261971258,121470705.42070934
1527,-0.0006302312511485656,121394150.78605415
1528,-0.01842909887930625,119156965.97784854
1529,-0.008312896879266106,118166426.40722847
1530,-0.02099661383575444,115685331.5836048
1531,0.01603121260521548,117539907.72952642
1532,0.15098784917447935,135287005.58977437
1533,0.005958847417967045,136093160.2137175
1534,0.038629821039426464,141350414.6374634
1535,-0.01689640012872622,138962101.47338745
1536,-0.012582425901651578,137213621.12846076
1537,-0.08753338759991489,125202848.04623534
1538,0.06838780019179817,133765195.40186535
1539,-0.030421974918865138,129695793.9823327
1540,0.03496193141377845,134230209.43619856
1541,0.02446484934348005,137514131.28739893
1542,0.0016094620244238285,137735455.05952764
1543,0.054004973010341864,145173854.59258458
1544,0.0016537891959914493,145413941.54485023
1545,0.012035474733131884,147164067.3641584
1546,-0.003679672421896539,146622551.80398437
1547,0.0009033472038422252,146755002.8761767
1548,0.004644334798586918,147436582.24290127
1549,0.004609652229247671,148116213.6129099
1550,-0.02493990819982518,144422208.84249824
1551,0.0063520411964050226,145339584.6627416
1552,-0.036674589449929205,140009315.06441233
1553,-0.03246350171945712,135464122.42407876
1554,-0.015555231788528558,133356946.60074261
1555,0.014955814852528329,135351408.40340182
1556,-0.007198759067262403,134377046.2248911
1557,0.014366039532753627,136307512.18325254
1558,-0.04826415061369755,129728745.88546163
1559,0.04568112591533108,135654901.0610934
1560,0.01902552244065783,138235806.42541644
1561,0.05179069426447768,145395134.8123987
1562,-0.023878226836466926,141923356.80242956
1563,0.03130381849372605,146366099.80379313
1564,0.01401155635762668,148416916.66004
1565,0.04330326455522786,154843853.6666409
1566,-0.0023148144491983297,154485418.87680382
1567,0.0027083935879349476,154903826.1947192
1568,0.042980973326422804,161561743.41655526
1569,0.0004120728964559225,161628318.63212138
1570,0.010869426865612914,163385125.8209052
1571,0.00824135306098467,164731640.3277087
1572,0.022661892501366316,168464771.05238897
1573,-0.02697042573116244,163921204.45640323
1574,0.012585716912615418,165984270.33166647
1575,0.016095813951726903,168655922.26583812
1576,0.006114941227058703,169687243.3180891
1577,0.026976937368964865,174264885.4533935
1578,0.003677142277635842,174905682.23120153
1579,0.0023831437969902415,175322507.62286916
1580,-0.02424197989458568,171072342.91800722
1581,-0.003265233521653046,170513751.76928362
1582,-0.0087483613444038,169022035.85461596
1583,-0.00796773031760794,167675313.85519332
1584,0.020278060963045852,171075444.09154677
1585,0.0011927527700017146,171279494.80136624
1586,0.01495046554555156,173840202.98705354
1587,-0.002698260723900981,173371136.7950986
1588,0.0038606001742440285,174040453.43601865
1589,-0.027664618012389272,169225690.77300817
1590,-0.0064305045515990825,168137484.19824484
1591,0.007293392345627661,169363776.8385094
1592,-0.016031015166097798,166648703.56342366
1593,-0.0149550691962819,164156460.670162
1594,-0.009661133912350678,162570523.12105003
1595,-0.03261770771186091,157267845.3153233
1596,0.06668159808264296,167754716.56796294
1597,-0.22280719959187842,130377757.95112583
1598,0.0644740873397726,138783744.90443045
1599,0.02417393889075088,142138694.6727797
1600,0.041174397447571676,147991169.77991578
1601,-0.04154741235097158,141842519.62476698
1602,-0.09142320417693049,128874821.99214163
1603,-0.04756785859062488,122744522.68372749
1604,-0.08255470959320217,112611384.25941615
1605,0.23595071655294705,139182121.06744465
1606,-0.09074327438974339,126552279.66527504
1607,-0.013459908265259713,124848897.59022094
1608,-0.036812207796912806,120252934.02891424
1609,-0.4016642014574954,71951635.30926953
1610,0.004711778598273658,72290655.48463054
1611,-0.02149842163814728,70736520.49252391
1612,-0.8085265372410873,13544166.522220341
1613,0.02066385686535664,13824041.240596058
1614,-0.014679693306062953,13621108.554933742
1615,-0.014681823107889996,13421125.848596837
1616,0.030513555592913938,13830652.118297491
1617,-0.028274283621244536,13439600.337637981
1618,-0.017013402206942422,13210947.011593187
1619,1.0584580210176828,27194179.841253582
1620,-0.004695623929448606,27066486.199649263
1621,0.01107042109834604,27366123.599531952
1622,0.006787743918740449,27551877.838574175
1623,-0.0006779839644988591,27533198.10720779
1624,0.006479760664241557,27711606.641263645
1625,-0.026824273178519382,26968262.934502717
1626,0.03532984377966395,27921047.4509876
1627,0.0024025359433663164,27988128.771065034
1628,-0.0023036385335366573,27923654.239146423
1629,-0.01169040390912188,27597215.442472138
1630,-0.06404595124701876,25829725.527690094
1631,-0.06964962599790328,24030694.805057984
1632,0.2976526187013773,31183494.042997077
1633,0.015064818753420141,31653267.728853185
1634,-0.006183589463685192,31457536.91603384
1635,0.026460703075603165,32289925.45985884
1636,-0.20656594556262659,25619926.475096367
1637,-0.04738910271442875,24405821.147831913
1638,0.1509348317755729,28089509.657124642
1639,-0.018019571727234552,27583348.723075237
1640,-0.010897820518232243,27282750.339399353
1641,-0.10617405258930541,24386030.170083076
1642,0.1001025878537564,26827134.89758817
1643,-0.0316285796376084,25978630.72503094
1644,-0.020630390552092544,25442681.42716496
1645,0.06448718536460853,27083408.34053123
1646,0.04184334368564972,28216668.70390287
1647,0.017883396375807402,28721278.574739605
1648,0.012833259737701263,29089866.202688113
1649,0.04231149434890675,30320701.912133604
1650,0.026852897233050153,31134900.604614075
1651,0.060997857764587986,33034062.84320891
1652,-0.002584725068547397,32948678.872862097
1653,-0.016281687501705416,32412218.779860113
1654,-0.048091398268186855,30853469.857762255
1655,-0.008507076171102376,30590997.03953946
1656,-0.034056751119421615,29549167.0668689
1657,0.01601261876244805,30022326.61385856
1658,-0.004065624480055956,29900267.10782902
1659,-0.03518934600636063,28848096.26288902
1660,-0.19420288518880363,23245712.73643163
1661,0.020674875685031846,23726314.957467314
1662,-0.04727613321308972,22604626.530882366
1663,0.04982949837514186,23731003.731873658
1664,0.008544740841821634,23933779.00867882
1665,-0.042380911679272874,22919443.634360768
1666,-0.014091186454767285,22596481.48066946
1667,0.0022025594353565128,22646251.57416057
1668,0.08007560508271136,24459663.87181678
1669,-0.11045793377622476,21757899.939674925
1670,0.39693303229562144,30394329.139114812
1671,0.06746050717494831,32444745.998081807
1672,-0.01260385400321246,32035817.156350672
1673,-0.020181258529506273,31389294.048114367
1674,0.04336883862480275,32750611.27623352
1675,-0.017465092926049156,32178618.80690919
1676,-0.02517393875718299,31368556.22777332
1677,-0.17077093893041523,26011718.427864946
1678,0.0014637932638916235,26049794.2060819
1679,-0.049336688553182746,24764583.622461934
1680,-0.08081699350355949,22763184.42872707
1681,0.6617559810679626,37826857.872590326
1682,-0.025007945280978702,36880885.88076123
1683,0.009305710810628372,37224088.73920738
1684,7.063471546642905,300155380.3983093
1685,-0.01805002625520181,294737567.9014797
1686,0.004941947913332221,296194145.61015105
1687,0.01547658008896826,300778218.0265701
1688,0.11453150143453579,335226798.9359573
1689,0.14456894891762354,383690184.9071482
1690,0.017514603533152873,390410366.375359
1691,-0.004231658206286207,388758283.1446675
1692,0.04690494734788563,406992969.94662255
1693,0.00046464374796656113,407182076.6855746
1694,-0.0063236419931514245,404607203.0065871
1695,-0.003615886069379058,403144189.45766515
1696,-0.02292542430415573,393901937.8585932
1697,0.0401293501293584,409708966.6395535
1698,0.03556043896836961,424278397.3425331
1699,0.11856977888466022,474584993.1009753
1700,-0.035367982766527424,457799879.24372745
1701,0.026521994036750863,469941644.91105485
1702,0.010828716689611096,475030509.8444465
1703,0.02402540886671434,486443312.0676231
1704,-0.015021583826129706,479136163.0787391
1705,-0.011258450701252502,473741832.20752984
1706,-0.10921956746454071,421999954.2039644
1707,-0.06320531658215046,395327313.50084984
1708,0.37000028707584426,541598532.9850866
1709,0.017209116463839352,550918965.2158715
1710,-0.03538773466427282,531423191.05329645
1711,0.002536509787013306,532771151.178449
1712,-0.09433348001208818,482512994.43773955
1713,-0.05848276132852859,454294302.1461236
1714,-0.05750363530489046,428170728.2744232
1715,0.1284128795329805,483153364.4238752
1716,0.0365036440605323,500790222.865453
1717,0.005941678163391307,503765757.19709253
1718,0.07149047565287803,539780210.796745
1719,0.04760062684695161,565474087.1902497
1720,-0.008698297916614653,560555425.1157432
1721,-0.010259746961486085,554804268.2961674
1722,0.009443619915706873,560043628.9335682
1723,-0.012632751308436755,552968737.047376
1724,-0.004438856949266608,550514187.9262061
1725,-0.033136590816820743,532272024.54204106
1726,0.011822293264411109,538564700.5126189
1727,-0.0012735105781569451,537878832.6694942
1728,0.001963918137034494,538935182.6645007
1729,0.008576235863935685,543557217.9064047
1730,-0.005214688591771959,540722736.2832129
1731,-0.04879166378571199,514339974.33319217
1732,0.0011965618502581235,514955413.924542
1733,0.06946133076576268,550724902.2607749
1734,0.004740621023089879,553335680.3103714
1735,0.035363699106950135,572903676.8140069
1736,-0.009033332492090162,567728447.415405
1737,0.026147120300107816,582572911.4277691
1738,0.00488255417248031,585417355.2272347
1739,-0.0032525157917989377,583513276.034565
1740,-0.034883070782709885,563158541.1240003
1741,0.01642130068130362,572406336.8590418
1742,-0.031365714551698065,554452403.089538
1743,-0.005053804601256897,551650308.9836261
1744,0.030016012331395555,568208651.4606968
1745,-0.01633752783751164,558925526.7999427
1746,0.019596175866124093,569878329.7191805
1747,0.028846451925470667,586317297.5607923
1748,0.035181969081788965,606945094.5956942
1749,-0.01283073266704291,599157544.3433638
1750,0.011768732913330396,606208869.4557477
1751,0.05111268706329228,637193833.6952316
1752,0.025658851307432905,653543495.5280306
1753,0.013776002527222268,662546712.3740745
1754,-0.01673605640748543,651458293.2231879
1755,0.013930357571161454,660533340.1904855
1756,0.016901934701418927,671697631.5744952
1757,0.044889789785349465,701849997.0551914
1758,1.1581304122945451e-05,701858125.393456
1759,0.010223494471284792,709033568.0580423
1760,0.0025890726319571784,710869307.4642403
1761,0.009865282742485028,717882234.1753296
1762,-0.0006472714502693012,717417569.5004923
1763,0.004843811084347766,720892604.6757447
1764,-0.00944410242664358,714084421.078577
1765,0.011103338076805119,722013141.8211921
1766,0.018165609848742603,735128950.8611808
1767,-0.0003117489044744442,734899775.2161024
1768,0.02732267897516733,754979205.8532546
1769,-0.02450687815547076,736477022.4454948
1770,-0.005916091688281496,732119956.8543947
1771,0.024661406963934807,750175065.0567993
1772,0.005400624231403241,754226478.6909395
1773,-0.03577407246775719,727244725.9851485
1774,-0.009603858661513594,720260370.424456
1775,-0.013996025716787035,710179587.7572128
1776,0.04699305522904744,743553096.3472296
1777,-0.02900800152189241,721984106.9967813
1778,0.017758864318336967,734805724.7929329
1779,0.0017536139821522664,736094290.3860953
1780,0.035133696347733945,761956003.667821
1781,-0.021737555953111484,745392942.4042826
1782,0.011447039599783408,753925484.9333835
1783,0.0007653465963826379,754502499.2372034
1784,0.009111254953643141,761376963.8709145
1785,-0.02282583491046534,743997898.9889656
1786,0.015396540626851274,755452892.8670412
1787,-0.018637753419905843,741372948.1294308
1788,-0.008684030301884787,734934842.9828771
1789,0.007447779218314939,740408475.4332606
1790,-0.02758264832469906,719986048.8387583
1791,0.005563355726208815,723991587.3463559
1792,0.06065838126658212,767907745.0854092
1793,0.03412640905547488,794113678.9110612
1794,0.018770268714730077,809019406.0542647
1795,0.015308328155773668,821404140.6065325
1796,0.01579827472347808,834380908.8788369
1797,-0.0028445216162127827,832007494.3473758
1798,-0.000853213408142359,831297614.3975236
1799,0.008917917452265169,838711057.9009857
1800,0.0034620708433441066,841614735.000535
1801,-0.0029513184705438956,839130861.888046
1802,0.006492280648478707,844578734.944223
1803,0.008075292363497986,851398955.1528909
1804,0.013183349476860094,862623245.122905
1805,-0.0028856550589341566,860134011.9916619
1806,-0.001298109620613764,859017463.7556784
1807,-0.0065105413073567,853424795.0741563
1808,-0.0009965194929594094,852574340.63009
1809,-0.004584850338335326,848665414.8759961
1810,0.010713516735911203,857757606.0014591
1811,0.012814550327080515,868749384.0120009
1812,-8.133324105321497e-05,868678725.8089362
1813,0.005677443803239677,873610600.4577863
1814,-0.008354208995473563,866312274.9209008
1815,-0.003478463606559172,863298839.200673
1816,-0.003566606145484295,860219792.2553904
1817,0.011480091848744944,870095194.4805906
1818,0.015510624399444733,883590914.2339408
1819,0.006640143581336245,889458084.7716184
1820,-0.0024860683275606753,887246831.1983749
1821,0.003558777763749905,890404345.4922012
1822,-0.007149160169580171,884038702.2105873
1823,0.0012257614621752808,885122322.7828285
1824,-0.008027376433905355,878017112.707798
1825,0.00631021260017746,883557587.3555782
1826,0.005513567966796445,888429142.1660419
1827,-0.005085171389691965,883911327.7105305
1828,-0.004650204941140451,879800958.886881
1829,0.0032378127085638483,882649589.6125716
1830,-0.0012164912901100923,881575854.0745887
1831,-0.0023809976041591126,879476824.0781525
1832,-0.013546160440987024,867563289.9150602
1833,-0.014007784063014879,855410650.6889312
1834,-0.002872613361517512,852953386.6241778
1835,-0.0607278967808487,801155321.4023894
1836,0.017902470928978488,815497981.2533921
1837,-0.015914218938378886,802519967.8359196
1838,0.025584454857811006,823052003.7255096
1839,-0.004240247956241786,819562059.1488318
1840,-0.03275914413925768,792713907.5221084
1841,0.031213918371886248,817457614.7237625
1842,-0.04084249391585608,784070607.067937
1843,0.03412515089575717,810827134.8470583
1844,0.022158893780007745,828794167.2020823
1845,0.01791656968181835,843643315.650643
1846,-0.012770286804142427,832869748.5493866
1847,0.010521003060843267,841632373.7231585
1848,0.003495139661361438,844573996.4128441
1849,-0.03809170807777973,812402730.2914022
1850,0.01571052994937709,825166007.716601
1851,-0.007943395358824582,818611387.8806452
1852,0.012037185548256814,828465165.0484805
1853,0.025759796027547997,849806258.7160583
1854,0.008935020533455193,857399295.087145
1855,-0.02489378111709169,836055384.7052969
1856,0.017244286388564463,850472563.1958565
1857,0.017195416691336708,865096793.3045584
1858,-0.003682964135171249,861910672.841366
1859,0.01814939120264297,877553826.8244972
1860,0.015503028969379277,891158569.223947
1861,0.003389254598560574,894178932.502736
1862,0.0020650883722797744,896025491.0189849
1863,0.009197014078118558,904266250.0742396
1864,-0.01572128596592772,890050021.7674854
1865,0.006114865478297535,895492557.9195493
1866,-0.0013128017117503836,894316953.7566528
1867,-0.002240211492830052,892313494.6386144
1868,-0.00506554805152936,887793437.7544944
1869,0.0035803741967251404,890972070.4710525
1870,-0.008195965127631336,883669694.4517783
1871,-0.00654811797222242,877883321.0440303
1872,-0.023960536208904266,856848765.9429617
1873,-0.008004024387618906,849990527.5238531
1874,-0.01652059580733955,835948177.5785642
1875,0.017707934551856062,850751093.1958687
1876,-0.015484084985405,837577990.9673977
1877,-0.008496819321753127,830461242.1102707
1878,0.021116558045579104,847997725.133896
1879,-0.009940416902018903,839568274.2141014
1880,-0.004764401872297127,835568233.5565145
1881,0.004374345258481125,839223297.4971099
1882,0.009464000049354444,847165706.8260419
1883,0.022691608397009923,866389259.2927146
1884,-0.026438293083488672,843483406.1311471
1885,0.024635247985715824,864262829.0130242
1886,-0.006222873785137689,858884630.5108901
1887,-0.02718631517404037,835534722.2476819
1888,-0.06122598761049118,784378283.6952101
1889,0.03811618915159839,814275794.7229428
1890,-0.05980868119626015,765575033.310527
1891,0.35883823054547537,1040292623.6134698
1892,0.008894010566484369,1049544997.2001238
1893,0.021369812446631605,1071973576.9445909
1894,0.007892368577319786,1080433987.5189855
1895,0.0027786227766484362,1083436106.0053709
1896,0.006086241213766963,1090030159.486224
1897,-0.0048330959387329455,1084761939.1493146
1898,0.020536924856625036,1107039613.580951
1899,0.007658919180759933,1115518340.5112672
1900,0.0013724807171537035,1117049367.9232502
1901,0.00514878007917978,1122800809.4562738
1902,0.00795260529294988,1131730001.1164842
1903,0.01095469623500985,1144127759.4987626
1904,-0.012891342111901878,1129378417.1313403
1905,0.005722926010209659,1135841766.2501106
1906,0.008956975722619994,1146015473.3751507
1907,0.0010296783345718518,1147195500.6791692
1908,0.00022801150752111001,1147457074.4547005
1909,-0.010248444586430575,1135697424.2118437
1910,0.006220841580298186,1142762417.9710183
1911,0.010879164193196693,1155194717.9499395
1912,0.004218768717047356,1160068217.288125
1913,9.996910543590422e-06,1160079814.3863177
1914,0.014292435925359047,1176660180.8017366
1915,-0.0028509033794981626,1173305636.315768
1916,-0.004246409221705211,1168323300.441838
1917,0.011829956291408181,1182144514.0202987
1918,-0.016383050664100847,1162777380.5548153
1919,0.002858882991478902,1166101625.0309598
1920,0.0006134950523292459,1166817022.6084294
1921,-0.02459673773893868,1138117130.3140006
1922,-0.10772002464908983,1015519124.9830251
1923,-0.020380476637763666,994822361.1811063
1924,0.016584646123304913,1011321137.9968456
1925,0.0020223860880469358,1013366419.7968782
1926,0.026639074437489713,1040361563.2862997
1927,0.008734026252203137,1049448108.4918253
1928,0.01931600838918943,1069719256.9594724
1929,0.014220734118610742,1084931450.094251
1930,0.0028982274988680395,1088075828.2573009
1931,0.008843187566045631,1097697886.8926606
1932,-0.004019929287212044,1093285219.00863
1933,-0.003650328198036627,1089294369.1451862
